{
  "cosine_accuracy@1": 0.065,
  "cosine_accuracy@3": 0.2,
  "cosine_accuracy@5": 0.31,
  "cosine_accuracy@10": 0.595,
  "cosine_precision@1": 0.065,
  "cosine_precision@3": 0.06666666666666667,
  "cosine_precision@5": 0.062,
  "cosine_precision@10": 0.05949999999999999,
  "cosine_recall@1": 0.065,
  "cosine_recall@3": 0.2,
  "cosine_recall@5": 0.31,
  "cosine_recall@10": 0.595,
  "cosine_ndcg@10": 0.2756572523909625,
  "cosine_mrr@10": 0.18078769841269848,
  "cosine_map@100": 0.20933077490759047,
  "dot_accuracy@1": 0.06,
  "dot_accuracy@3": 0.19,
  "dot_accuracy@5": 0.31,
  "dot_accuracy@10": 0.59,
  "dot_precision@1": 0.06,
  "dot_precision@3": 0.06333333333333332,
  "dot_precision@5": 0.062,
  "dot_precision@10": 0.059,
  "dot_recall@1": 0.06,
  "dot_recall@3": 0.19,
  "dot_recall@5": 0.31,
  "dot_recall@10": 0.59,
  "dot_ndcg@10": 0.27047841434112313,
  "dot_mrr@10": 0.17540674603174605,
  "dot_map@100": 0.2042793679811835
}